Town,County,Trump,Biden,Other,Perc_Trump,Perc_Biden,Winner,wr_Biden,wr_Trump,population,Total Acres,Total Sq Miles,Land Acres,Land Sq Miles,Water Acres,Water Sq Miles,Income,zip_code,pop_density
Acworth,Sullivan,269.0,293.0,7.0,0.4786476868327402,0.5213523131672598,Biden,1.0892193308550187,,895.0,"24,998.94",39.06,"24,916.99",38.93,81.95,0.13,57125.0,03601,22.989982019008476
Albany,Carroll,190.0,250.0,9.0,0.4318181818181818,0.5681818181818182,Biden,1.3157894736842106,,751.0,"48,475.55",75.74,"48,252.97",75.4,222.58,0.35,58750.0,03818,9.960212201591512
Alexandria,Grafton,616.0,440.0,24.0,0.5833333333333334,0.4166666666666667,Trump,,1.4,1618.0,"27,921.21",43.63,"27,867.68",43.54,53.53,0.08,58750.0,03222,37.16123105190629
Allenstown,Merrimack,1233.0,1050.0,42.0,0.5400788436268068,0.45992115637319314,Trump,,1.1742857142857144,4447.0,"13,167.43",20.57,"13,097.95",20.47,69.48,0.11,54769.0,03275,217.2447484123107
Alstead,Cheshire,477.0,684.0,28.0,0.4108527131782946,0.5891472868217055,Biden,1.4339622641509433,,1938.0,"25,210.86",39.39,"24,943.55",38.97,267.31,0.42,57097.0,03602,49.73056197074673
Alton,Belknap,2420.0,1438.0,45.0,0.6272680145152929,0.3727319854847071,Trump,,1.682892906815021,5328.0,"53,230.51",83.17,"40,906.19",63.92,"12,324.32",19.26,79861.0,03809,83.35419274092615
Amherst,Hillsborough,3208.0,4796.0,133.0,0.4007996001999001,0.5992003998001,Biden,1.4950124688279303,,11393.0,"22,025.34",34.41,"21,718.34",33.93,307,0.48,127246.0,03031,335.7795461243737
Andover,Merrimack,726.0,844.0,18.0,0.4624203821656051,0.5375796178343949,Biden,1.162534435261708,,2373.0,"26,271.51",41.05,"25,720.11",40.19,551.4,0.86,67500.0,03216,59.04453844239861
Antrim,Hillsborough,779.0,761.0,35.0,0.5058441558441559,0.4941558441558442,Trump,,1.02365308804205,2690.0,"23,367.58",36.51,"22,833.25",35.68,534.33,0.83,64886.0,03440,75.39237668161435
Ashland,Grafton,562.0,632.0,24.0,0.47068676716917923,0.5293132328308208,Biden,1.1245551601423487,,2055.0,"7,533.76",11.77,"7,244.42",11.32,289.34,0.45,42300.0,03217,181.53710247349824
Atkinson,Rockingham,2795.0,2250.0,59.0,0.554013875123885,0.44598612487611494,Trump,,1.2422222222222221,7145.0,"7,258.46",11.34,"7,154.53",11.18,103.92,0.16,107539.0,03811,639.0876565295171
Auburn,Rockingham,2265.0,1619.0,46.0,0.5831616889804325,0.4168383110195675,Trump,,1.3990117356392835,5582.0,"18,437.94",28.81,"16,308.01",25.48,"2,129.93",3.33,114041.0,03032,219.07378335949764
Barnstead,Belknap,1698.0,1150.0,74.0,0.5962078651685393,0.40379213483146065,Trump,,1.4765217391304348,4744.0,"28,758.63",44.94,"27,483.81",42.94,"1,274.82",1.99,73000.0,03218,110.4797391709362
Barrington,Strafford,2733.0,3142.0,129.0,0.4651914893617021,0.5348085106382978,Biden,1.1496523966337358,,9264.0,"31,117.17",48.62,"29,886.99",46.7,"1,230.18",1.92,84126.0,03825,198.37259100642396
Bartlett,Carroll,773.0,1374.0,23.0,0.36003726129483,0.63996273870517,Biden,1.777490297542044,,2804.0,"47,882.25",74.82,"47,877.75",74.81,4.5,0.01,50250.0,03812,37.48162010426414
Bath,Grafton,353.0,259.0,11.0,0.576797385620915,0.42320261437908496,Trump,,1.3629343629343629,1093.0,"24,684.11",38.57,"24,421.29",38.16,262.83,0.41,54167.0,03740,28.642557651991616
Bedford,Hillsborough,7052.0,7521.0,166.0,0.4839085980923626,0.5160914019076374,Biden,1.066505955757232,,22628.0,"21,156.06",33.06,"20,963.39",32.76,192.67,0.3,127945.0,03110,690.7203907203908
Belmont,Belknap,2365.0,1609.0,78.0,0.5951182687468546,0.40488173125314547,Trump,,1.4698570540708515,7333.0,"20,427.47",31.92,"19,293.73",30.15,"1,133.73",1.77,63309.0,03220,243.21724709784414
Bennington,Hillsborough,424.0,395.0,14.0,0.5177045177045178,0.4822954822954823,Trump,,1.0734177215189873,1516.0,"7,412.45",11.58,"7,266.68",11.35,145.77,0.23,60278.0,03442,133.56828193832598
Benton,Grafton,143.0,89.0,3.0,0.6163793103448276,0.38362068965517243,Trump,,1.6067415730337078,371.0,"31,201.54",48.75,"31,057.05",48.53,144.49,0.23,51250.0,03780,7.644755821141562
Benton,Grafton,143.0,89.0,3.0,0.6163793103448276,0.38362068965517243,Trump,,1.6067415730337078,371.0,"31,201.54",48.75,"31,057.05",48.53,144.49,0.23,51250.0,03785,7.644755821141562
Berlin,Coos,1852.0,2147.0,66.0,0.4631157789447362,0.5368842210552638,Biden,1.1592872570194384,,10122.0,"39,805.74",62.2,"39,338.15",61.47,467.58,0.73,37969.0,03570,164.6656905807711
Bethlehem,Grafton,620.0,1021.0,30.0,0.3778184034125533,0.6221815965874467,Biden,1.646774193548387,,2574.0,"58,205.90",90.95,"58,164.63",90.88,41.27,0.06,54500.0,03574,28.323063380281692
Boscawen,Merrimack,1064.0,931.0,45.0,0.5333333333333333,0.4666666666666667,Trump,,1.1428571428571428,4026.0,"16,252.07",25.39,"15,912.75",24.86,339.32,0.53,68309.0,03303,161.94690265486727
Bow,Merrimack,2167.0,3256.0,89.0,0.3995943204868154,0.6004056795131846,Biden,1.50253807106599,,7980.0,"18,269.30",28.55,"18,029.64",28.17,239.66,0.37,110274.0,03304,283.2800851970181
Bradford,Merrimack,478.0,563.0,26.0,0.45917387127761766,0.5408261287223823,Biden,1.1778242677824269,,1707.0,"22,993.69",35.93,"22,549.15",35.23,444.54,0.69,67857.0,03221,48.453022991768385
Brentwood,Rockingham,1372.0,1505.0,37.0,0.4768856447688564,0.5231143552311436,Biden,1.096938775510204,,4518.0,"10,863.00",16.97,"10,860.76",16.97,2.24,0.0,112024.0,03833,266.2345315262228
Bridgewater,Grafton,472.0,364.0,17.0,0.5645933014354066,0.4354066985645933,Trump,,1.2967032967032968,1071.0,"13,890.28",21.7,"13,743.31",21.47,146.97,0.23,53854.0,03222,49.88355845365627
Bridgewater,Grafton,472.0,364.0,17.0,0.5645933014354066,0.4354066985645933,Trump,,1.2967032967032968,1071.0,"13,890.28",21.7,"13,743.31",21.47,146.97,0.23,53854.0,03264,49.88355845365627
Bristol,Grafton,994.0,842.0,29.0,0.5413943355119826,0.45860566448801743,Trump,,1.180522565320665,3096.0,"14,022.17",21.91,"10,928.72",17.08,"3,093.45",4.83,53894.0,03222,181.26463700234194
Brookfield,Carroll,315.0,218.0,12.0,0.5909943714821764,0.4090056285178236,Trump,,1.444954128440367,688.0,"14,880.31",23.25,"14,628.96",22.86,251.36,0.39,82045.0,03872,30.096237970253718
Brookline,Hillsborough,1647.0,1903.0,78.0,0.463943661971831,0.536056338028169,Biden,1.1554341226472373,,5453.0,"12,924.40",20.19,"12,745.81",19.92,178.59,0.28,127222.0,03033,273.7449799196787
Campton,Grafton,964.0,1120.0,45.0,0.46257197696737046,0.5374280230326296,Biden,1.161825726141079,,3300.0,"33,619.95",52.53,"33,240.40",51.94,379.55,0.59,65129.0,03223,63.534847901424726
Canaan,Grafton,890.0,1162.0,34.0,0.4337231968810916,0.5662768031189084,Biden,1.3056179775280898,,3899.0,"35,275.92",55.12,"34,116.37",53.31,"1,159.55",1.81,64915.0,03741,73.13824798349278
Candia,Rockingham,1702.0,1039.0,41.0,0.6209412623130245,0.37905873768697557,Trump,,1.6381135707410972,3959.0,"19,557.09",30.56,"19,408.38",30.33,148.71,0.23,95195.0,03034,130.53082756346853
Canterbury,Merrimack,718.0,1009.0,27.0,0.4157498552403011,0.5842501447596989,Biden,1.4052924791086352,,2464.0,"28,696.60",44.84,"28,123.99",43.94,572.61,0.89,81818.0,03224,56.07646791078744
Carroll,Coos,267.0,266.0,5.0,0.50093808630394,0.49906191369606,Trump,,1.0037593984962405,747.0,"32,187.51",50.29,"32,171.44",50.27,16.06,0.03,57679.0,03598,14.859757310523174
Center Harbor,Belknap,407.0,379.0,6.0,0.5178117048346056,0.4821882951653944,Trump,,1.0738786279683377,1097.0,"10,394.43",16.24,"8,532.56",13.33,"1,861.86",2.91,66250.0,03226,82.29557389347337
Charlestown,Sullivan,1239.0,1185.0,57.0,0.5111386138613861,0.48886138613861385,Trump,,1.0455696202531646,5021.0,"24,345.46",38.04,"22,927.95",35.82,"1,417.51",2.21,50297.0,03603,140.17308766052486
Chatham,Carroll,130.0,106.0,8.0,0.5508474576271186,0.4491525423728814,Trump,,1.2264150943396226,364.0,"36,639.19",57.25,"36,313.62",56.74,325.57,0.51,60556.0,03813,6.415227352837504
Chester,Rockingham,1951.0,1465.0,53.0,0.5711358313817331,0.428864168618267,Trump,,1.331740614334471,5270.0,"16,717.75",26.12,"16,661.66",26.03,56.09,0.09,122083.0,03036,202.4587014982712
Chesterfield,Cheshire,958.0,1390.0,44.0,0.4080068143100511,0.5919931856899489,Biden,1.4509394572025052,,3627.0,"30,427.75",47.54,"29,178.00",45.59,"1,249.75",1.95,76217.0,03443,79.55692037727572
Chichester,Merrimack,930.0,770.0,36.0,0.5470588235294118,0.45294117647058824,Trump,,1.2077922077922079,2706.0,"13,628.10",21.29,"13,564.57",21.19,63.53,0.1,81397.0,03258,127.70174610665407
Claremont,Sullivan,2788.0,2895.0,130.0,0.4905859581207109,0.5094140418792891,Biden,1.0383787661406025,,12932.0,"28,193.00",44.05,"27,615.91",43.15,577.1,0.9,46639.0,03743,299.6987253765933
Clarksville,Coos,108.0,72.0,3.0,0.6,0.4,Trump,,1.5,251.0,"39,915.79",62.37,"38,686.04",60.45,"1,229.75",1.92,38382.0,03592,4.152191894127378
Colebrook,Coos,630.0,418.0,26.0,0.601145038167939,0.3988549618320611,Trump,,1.507177033492823,2138.0,"26,106.54",40.79,"26,087.46",40.76,19.06,0.03,46078.0,03576,52.453385672227675
Columbia,Coos,235.0,114.0,2.0,0.673352435530086,0.32664756446991405,Trump,,2.06140350877193,735.0,"39,220.09",61.28,"39,181.08",61.22,39,0.06,48958.0,03576,12.005880431231624
Columbia,Coos,235.0,114.0,2.0,0.673352435530086,0.32664756446991405,Trump,,2.06140350877193,735.0,"39,220.09",61.28,"39,181.08",61.22,39,0.06,48958.0,03590,12.005880431231624
Concord,Merrimack,7983.0,15511.0,374.0,0.33978888226781306,0.660211117732187,Biden,1.9430038832519103,,43627.0,"42,999.79",67.19,"40,933.93",63.96,"2,065.86",3.23,61310.0,03301,682.098186366479
Concord,Merrimack,7983.0,15511.0,374.0,0.33978888226781306,0.660211117732187,Biden,1.9430038832519103,,43627.0,"42,999.79",67.19,"40,933.93",63.96,"2,065.86",3.23,61310.0,03302,682.098186366479
Concord,Merrimack,7983.0,15511.0,374.0,0.33978888226781306,0.660211117732187,Biden,1.9430038832519103,,43627.0,"42,999.79",67.19,"40,933.93",63.96,"2,065.86",3.23,61310.0,03303,682.098186366479
Concord,Merrimack,7983.0,15511.0,374.0,0.33978888226781306,0.660211117732187,Biden,1.9430038832519103,,43627.0,"42,999.79",67.19,"40,933.93",63.96,"2,065.86",3.23,61310.0,03305,682.098186366479
Conway,Carroll,2380.0,3380.0,89.0,0.4131944444444444,0.5868055555555556,Biden,1.4201680672268908,,10252.0,"45,881.08",71.69,"44,596.85",69.68,"1,284.23",2.01,59510.0,03818,147.12973593570607
Cornish,Sullivan,408.0,679.0,22.0,0.37534498620055196,0.624655013799448,Biden,1.6642156862745099,,1617.0,"27,269.70",42.61,"26,855.14",41.96,414.56,0.65,77667.0,03745,38.53670162059104
Croydon,Sullivan,319.0,172.0,19.0,0.6496945010183299,0.35030549898167007,Trump,,1.8546511627906976,765.0,"24,028.77",37.54,"23,554.03",36.8,474.74,0.74,74063.0,03773,20.78804347826087
Dalton,Coos,295.0,231.0,2.0,0.5608365019011406,0.4391634980988593,Trump,,1.277056277056277,885.0,"18,104.35",28.29,"17,624.09",27.54,480.25,0.75,55893.0,03598,32.135076252723316
Danbury,Merrimack,414.0,290.0,21.0,0.5880681818181818,0.4119318181818182,Trump,,1.4275862068965517,1226.0,"24,343.39",38.04,"24,161.80",37.75,181.59,0.28,63750.0,03230,32.47682119205298
Danville,Rockingham,1686.0,1082.0,48.0,0.6091040462427746,0.3908959537572254,Trump,,1.5582255083179297,4556.0,"7,569.40",11.83,"7,453.77",11.65,115.63,0.18,88485.0,03819,391.07296137339057
Deerfield,Rockingham,1786.0,1360.0,62.0,0.5677050222504768,0.4322949777495232,Trump,,1.313235294117647,4541.0,"33,347.66",52.11,"32,496.59",50.78,851.07,1.33,92767.0,03037,89.42497046081134
Deering,Hillsborough,670.0,462.0,26.0,0.5918727915194346,0.4081272084805654,Trump,,1.4502164502164503,1973.0,"19,987.89",31.23,"19,571.19",30.58,416.7,0.65,65650.0,03244,64.51929365598431
Derry,Rockingham,9412.0,8215.0,267.0,0.5339535939184206,0.4660464060815794,Trump,,1.145709068776628,33485.0,"23,225.64",36.29,"22,675.90",35.43,549.74,0.86,68984.0,03038,945.1030200395145
Dorchester,Grafton,124.0,105.0,4.0,0.5414847161572053,0.4585152838427948,Trump,,1.180952380952381,356.0,"28,889.88",45.14,"28,540.65",44.59,349.23,0.55,59167.0,03266,7.983852881812065
Dover,Strafford,6331.0,12508.0,346.0,0.3360581771856256,0.6639418228143744,Biden,1.9756752487758649,,32191.0,"18,592.05",29.05,"17,113.07",26.74,"1,478.98",2.31,65922.0,03820,1203.8519072550487
Dover,Strafford,6331.0,12508.0,346.0,0.3360581771856256,0.6639418228143744,Biden,1.9756752487758649,,32191.0,"18,592.05",29.05,"17,113.07",26.74,"1,478.98",2.31,65922.0,03821,1203.8519072550487
Dover,Strafford,6331.0,12508.0,346.0,0.3360581771856256,0.6639418228143744,Biden,1.9756752487758649,,32191.0,"18,592.05",29.05,"17,113.07",26.74,"1,478.98",2.31,65922.0,03822,1203.8519072550487
Dublin,Cheshire,404.0,687.0,18.0,0.3703024747937672,0.6296975252062328,Biden,1.7004950495049505,,1543.0,"18,553.04",28.99,"17,852.14",27.89,700.9,1.1,69375.0,03444,55.32448906418071
Dummer,Coos,113.0,67.0,4.0,0.6277777777777778,0.37222222222222223,Trump,,1.6865671641791045,284.0,"31,461.36",49.16,"30,629.51",47.86,831.84,1.3,41389.0,03588,5.933974091099039
Dunbarton,Merrimack,1121.0,877.0,32.0,0.561061061061061,0.4389389389389389,Trump,,1.2782212086659066,2879.0,"20,045.64",31.32,"19,734.04",30.83,311.6,0.49,102375.0,03046,93.38306843983133
Durham,Strafford,1712.0,5970.0,128.0,0.22285863056495706,0.777141369435043,Biden,3.4871495327102804,,16293.0,"15,852.21",24.77,"14,338.00",22.4,"1,514.21",2.37,74267.0,03824,727.3660714285714
East Kingston,Rockingham,889.0,781.0,22.0,0.5323353293413173,0.4676646706586826,Trump,,1.1382842509603073,2418.0,"6,380.73",9.97,"6,344.77",9.91,35.96,0.06,99032.0,03827,243.9959636730575
Easton,Grafton,64.0,167.0,3.0,0.27705627705627706,0.7229437229437229,Biden,2.609375,,263.0,"19,934.00",31.15,"19,929.02",31.14,4.98,0.01,58889.0,03580,8.44572896596018
Easton,Grafton,64.0,167.0,3.0,0.27705627705627706,0.7229437229437229,Biden,2.609375,,263.0,"19,934.00",31.15,"19,929.02",31.14,4.98,0.01,58889.0,03785,8.44572896596018
Eaton,Carroll,117.0,188.0,4.0,0.3836065573770492,0.6163934426229508,Biden,1.606837606837607,,400.0,"16,383.09",25.6,"15,618.56",24.4,764.53,1.19,70855.0,03832,16.393442622950822
Effingham,Carroll,526.0,391.0,9.0,0.5736095965103599,0.42639040348964014,Trump,,1.3452685421994885,1478.0,"25,555.90",39.93,"24,877.94",38.87,677.96,1.06,50000.0,03882,38.02418317468485
Ellsworth,Grafton,32.0,45.0,1.0,0.4155844155844156,0.5844155844155844,Biden,1.40625,,88.0,"13,781.22",21.53,"13,717.93",21.43,63.29,0.1,49000.0,03223,4.106392907139524
Ellsworth,Grafton,32.0,45.0,1.0,0.4155844155844156,0.5844155844155844,Biden,1.40625,,88.0,"13,781.22",21.53,"13,717.93",21.43,63.29,0.1,49000.0,03266,4.106392907139524
Enfield,Grafton,930.0,1777.0,58.0,0.3435537495382342,0.6564462504617657,Biden,1.910752688172043,,4531.0,"27,615.61",43.15,"25,790.95",40.3,"1,824.65",2.85,82469.0,03748,112.4317617866005
Epping,Rockingham,2311.0,2047.0,79.0,0.5302891234511243,0.4697108765488756,Trump,,1.1289692232535418,7036.0,"16,775.61",26.21,"16,690.30",26.08,85.31,0.13,73872.0,03042,269.7852760736196
Epsom,Merrimack,1702.0,1180.0,45.0,0.5905621096460791,0.40943789035392086,Trump,,1.4423728813559322,4767.0,"22,152.73",34.61,"22,066.77",34.48,85.96,0.13,67008.0,03234,138.25406032482599
Errol,Coos,144.0,71.0,1.0,0.6697674418604651,0.3302325581395349,Trump,,2.028169014084507,265.0,"44,443.02",69.44,"38,930.20",60.83,"5,512.81",8.61,42750.0,03579,4.356403090580306
Exeter,Rockingham,3321.0,6820.0,148.0,0.32748249679518787,0.6725175032048122,Biden,2.0535983137609155,,15313.0,"12,812.88",20.02,"12,644.78",19.76,168.1,0.26,74353.0,03833,774.9493927125505
Farmington,Strafford,2000.0,1365.0,68.0,0.5943536404160475,0.40564635958395245,Trump,,1.465201465201465,6973.0,"23,639.88",36.94,"23,368.36",36.51,271.52,0.42,60562.0,03835,190.98877019994524
Fitzwilliam,Cheshire,682.0,666.0,19.0,0.5059347181008902,0.4940652818991098,Trump,,1.024024024024024,2371.0,"23,059.76",36.03,"22,158.30",34.62,901.47,1.41,51638.0,03447,68.48642403235125
Francestown,Hillsborough,534.0,592.0,26.0,0.47424511545293074,0.5257548845470693,Biden,1.1086142322097379,,1583.0,"19,442.05",30.38,"19,102.58",29.85,339.47,0.53,92333.0,03043,53.03182579564489
Franconia,Grafton,248.0,542.0,11.0,0.3139240506329114,0.6860759493670886,Biden,2.185483870967742,,1105.0,"42,124.06",65.82,"42,073.07",65.74,50.99,0.08,68750.0,03580,16.808640097353212
Franklin,Merrimack,2281.0,1804.0,68.0,0.5583843329253366,0.4416156670746634,Trump,,1.2644124168514412,8686.0,"18,661.57",29.16,"17,708.91",27.67,952.66,1.49,48398.0,03235,313.91398626671486
Freedom,Carroll,538.0,538.0,14.0,0.5,0.5,Biden,1.0,,1583.0,"24,261.94",37.91,"22,077.18",34.5,"2,184.77",3.41,59330.0,03836,45.88405797101449
Fremont,Rockingham,1635.0,1151.0,53.0,0.5868628858578607,0.4131371141421393,Trump,,1.420503909643788,4710.0,"11,142.36",17.41,"11,043.20",17.26,99.16,0.15,90709.0,03044,272.8852838933951
Gilford,Belknap,2748.0,2508.0,57.0,0.5228310502283106,0.4771689497716895,Trump,,1.0956937799043063,7233.0,"34,243.66",53.51,"24,826.75",38.79,"9,416.90",14.71,73660.0,03249,186.46558391337973
Gilmanton,Belknap,1423.0,1020.0,35.0,0.582480556692591,0.4175194433074089,Trump,,1.3950980392156862,3773.0,"38,127.14",59.57,"36,891.37",57.64,"1,235.77",1.93,69688.0,03237,65.45801526717557
Gilsum,Cheshire,263.0,240.0,13.0,0.5228628230616302,0.47713717693836977,Trump,,1.0958333333333334,804.0,"10,681.86",16.69,"10,668.06",16.67,13.8,0.02,59750.0,03448,48.230353929214154
Goffstown,Hillsborough,5040.0,4967.0,183.0,0.5036474467872489,0.49635255321275107,Trump,,1.0146970002013287,18053.0,"24,064.53",37.6,"23,771.75",37.14,292.78,0.46,81842.0,03045,486.0796984383414
Gorham,Coos,748.0,904.0,29.0,0.45278450363196127,0.5472154963680388,Biden,1.2085561497326203,,2611.0,"20,675.49",32.31,"20,414.69",31.9,260.79,0.41,57107.0,03581,81.84952978056427
Goshen,Sullivan,284.0,186.0,11.0,0.6042553191489362,0.39574468085106385,Trump,,1.5268817204301075,810.0,"14,420.00",22.53,"14,364.03",22.44,55.97,0.09,60417.0,03752,36.096256684491976
Grafton,Grafton,423.0,345.0,16.0,0.55078125,0.44921875,Trump,,1.2260869565217392,1329.0,"27,138.96",42.4,"26,626.11",41.6,512.85,0.8,54000.0,03240,31.947115384615383
Grantham,Sullivan,747.0,1669.0,31.0,0.3091887417218543,0.6908112582781457,Biden,2.2342704149933064,,2945.0,"17,950.88",28.05,"17,402.25",27.19,548.63,0.86,104962.0,03753,108.31187936741449
Greenfield,Hillsborough,466.0,529.0,15.0,0.46834170854271356,0.5316582914572864,Biden,1.1351931330472103,,1847.0,"17,303.38",27.04,"16,950.94",26.49,352.44,0.55,71429.0,03047,69.72442431106079
Greenland,Rockingham,1160.0,1723.0,36.0,0.4023586541796739,0.597641345820326,Biden,1.485344827586207,,4120.0,"8,523.83",13.32,"6,745.77",10.54,"1,778.06",2.78,105609.0,03840,390.89184060721067
Greenville,Hillsborough,532.0,501.0,21.0,0.5150048402710552,0.4849951597289448,Trump,,1.06187624750499,2110.0,"4,401.84",6.88,"4,401.84",6.88,0,0.0,57667.0,03048,306.6860465116279
Groton,Grafton,232.0,142.0,6.0,0.6203208556149733,0.37967914438502676,Trump,,1.6338028169014085,595.0,"26,085.17",40.76,"26,056.36",40.71,28.81,0.05,46818.0,03241,14.61557356914763
Groton,Grafton,232.0,142.0,6.0,0.6203208556149733,0.37967914438502676,Trump,,1.6338028169014085,595.0,"26,085.17",40.76,"26,056.36",40.71,28.81,0.05,46818.0,03266,14.61557356914763
Hampstead,Rockingham,3303.0,2494.0,85.0,0.5697774711057444,0.43022252889425566,Trump,,1.3243785084202084,8632.0,"9,014.11",14.08,"8,580.25",13.41,433.86,0.68,90806.0,03841,643.6987322893364
Hampton,Rockingham,5212.0,6150.0,140.0,0.4587220559760605,0.5412779440239395,Biden,1.1799693016116655,,15495.0,"9,072.73",14.18,"8,804.74",13.76,267.99,0.42,78706.0,03842,1126.09011627907
Hampton,Rockingham,5212.0,6150.0,140.0,0.4587220559760605,0.5412779440239395,Biden,1.1799693016116655,,15495.0,"9,072.73",14.18,"8,804.74",13.76,267.99,0.42,78706.0,03843,1126.09011627907
Hampton Falls,Rockingham,863.0,845.0,12.0,0.5052693208430913,0.49473067915690866,Trump,,1.021301775147929,2414.0,"8,077.97",12.62,"7,926.42",12.39,151.55,0.24,129531.0,03844,194.83454398708636
Hancock,Hillsborough,408.0,875.0,15.0,0.3180046765393609,0.6819953234606392,Biden,2.144607843137255,,1656.0,"20,003.64",31.26,"19,185.82",29.98,817.82,1.28,73409.0,03449,55.2368245496998
Hanover,Grafton,841.0,6210.0,66.0,0.11927386186356545,0.8807261381364345,Biden,7.3840665873959574,,11473.0,"32,087.05",50.14,"31,424.94",49.1,662.12,1.03,118250.0,03755,233.66598778004072
Harrisville,Cheshire,201.0,553.0,6.0,0.26657824933687,0.73342175066313,Biden,2.7512437810945274,,951.0,"12,945.48",20.23,"11,976.77",18.71,968.71,1.51,67266.0,03450,50.82843399251737
Haverhill,Grafton,1180.0,925.0,39.0,0.5605700712589073,0.43942992874109266,Trump,,1.2756756756756757,4565.0,"33,509.85",52.36,"32,739.76",51.16,770.09,1.2,53869.0,03765,89.22986708365912
Hebron,Grafton,267.0,239.0,14.0,0.5276679841897233,0.4723320158102767,Trump,,1.1171548117154813,627.0,"12,150.50",18.99,"10,789.93",16.86,"1,360.57",2.13,68000.0,03241,37.18861209964413
Henniker,Merrimack,1075.0,1569.0,67.0,0.4065809379727685,0.5934190620272315,Biden,1.4595348837209303,,5018.0,"28,671.74",44.8,"28,231.91",44.11,439.83,0.69,69609.0,03242,113.76105191566538
Hill,Merrimack,403.0,224.0,8.0,0.6427432216905901,0.3572567783094099,Trump,,1.7991071428571428,1108.0,"17,107.07",26.73,"17,068.46",26.67,38.61,0.06,73971.0,03243,41.544806899137605
Hillsborough,Hillsborough,1722.0,1475.0,79.0,0.5386299655927432,0.4613700344072568,Trump,,1.167457627118644,6002.0,"28,606.82",44.7,"27,967.50",43.7,639.32,1.0,70513.0,03244,137.34553775743706
Hinsdale,Cheshire,829.0,1048.0,33.0,0.4416622269579116,0.5583377730420884,Biden,1.264173703256936,,3907.0,"14,497.22",22.65,"13,255.46",20.71,"1,241.76",1.94,57340.0,03451,188.65282472235634
Holderness,Grafton,569.0,890.0,22.0,0.3899931459904044,0.6100068540095956,Biden,1.5641476274165202,,2107.0,"22,970.32",35.89,"19,539.34",30.53,"3,430.97",5.36,67143.0,03245,69.01408450704226
Hollis,Hillsborough,2468.0,3277.0,80.0,0.4295909486510009,0.5704090513489991,Biden,1.3277957860615883,,8006.0,"20,668.00",32.29,"20,333.17",31.77,334.83,0.52,126379.0,03049,251.99874095058232
Hooksett,Merrimack,4387.0,4060.0,138.0,0.5193559843731502,0.4806440156268498,Trump,,1.0805418719211823,14542.0,"23,760.58",37.13,"23,164.35",36.19,596.24,0.93,85952.0,03106,401.82370820668694
Hopkinton,Merrimack,1400.0,2688.0,75.0,0.3424657534246575,0.6575342465753424,Biden,1.92,,5761.0,"28,851.61",45.08,"27,698.32",43.28,"1,153.29",1.8,84456.0,03229,133.10998151571164
Hudson,Hillsborough,7744.0,6632.0,217.0,0.5386755703951029,0.46132442960489706,Trump,,1.1676718938480097,25619.0,"18,779.83",29.34,"18,261.58",28.53,518.25,0.81,93042.0,03051,897.9670522257272
Jackson,Carroll,212.0,567.0,7.0,0.27214377406931967,0.7278562259306803,Biden,2.6745283018867925,,860.0,"42,757.99",66.81,"42,753.70",66.8,4.3,0.01,62875.0,03846,12.87425149700599
Jaffrey,Cheshire,1410.0,1528.0,80.0,0.47991831177671884,0.5200816882232812,Biden,1.0836879432624114,,5277.0,"25,708.54",40.17,"24,580.13",38.41,"1,128.41",1.76,59698.0,03452,137.38609737047645
Jefferson,Coos,394.0,257.0,11.0,0.6052227342549923,0.39477726574500765,Trump,,1.5330739299610896,1047.0,"32,206.63",50.32,"32,061.59",50.1,145.03,0.23,56071.0,03583,20.898203592814372
Keene,Cheshire,3758.0,8950.0,221.0,0.2957192319798552,0.7042807680201448,Biden,2.38158594997339,,22786.0,"23,867.42",37.29,"23,714.32",37.05,153.1,0.24,55398.0,03431,615.0067476383266
Keene,Cheshire,3758.0,8950.0,221.0,0.2957192319798552,0.7042807680201448,Biden,2.38158594997339,,22786.0,"23,867.42",37.29,"23,714.32",37.05,153.1,0.24,55398.0,03435,615.0067476383266
Kensington,Rockingham,726.0,805.0,26.0,0.47419986936642716,0.5258001306335728,Biden,1.1088154269972452,,2106.0,"7,667.77",11.98,"7,667.77",11.98,0,0.0,113667.0,03833,175.79298831385643
Kingston,Rockingham,2311.0,1731.0,52.0,0.5717466600692727,0.42825333993072734,Trump,,1.3350664355863662,6446.0,"13,450.20",21.02,"12,704.20",19.85,746,1.17,93096.0,03848,324.7355163727959
Laconia,Belknap,4642.0,4141.0,137.0,0.5285210064898098,0.4714789935101901,Trump,,1.1209852692586333,16581.0,"16,712.23",26.11,"12,860.62",20.09,"3,851.61",6.02,52702.0,03246,825.3359880537581
Laconia,Belknap,4642.0,4141.0,137.0,0.5285210064898098,0.4714789935101901,Trump,,1.1209852692586333,16581.0,"16,712.23",26.11,"12,860.62",20.09,"3,851.61",6.02,52702.0,03247,825.3359880537581
Lancaster,Coos,874.0,817.0,34.0,0.5168539325842697,0.48314606741573035,Trump,,1.069767441860465,3255.0,"32,763.59",51.19,"32,129.92",50.2,633.66,0.99,49207.0,03584,64.8406374501992
Landaff,Grafton,155.0,126.0,4.0,0.5516014234875445,0.4483985765124555,Trump,,1.2301587301587302,439.0,"18,223.58",28.47,"18,181.33",28.41,42.25,0.07,48036.0,03585,15.45230552622316
Landaff,Grafton,155.0,126.0,4.0,0.5516014234875445,0.4483985765124555,Trump,,1.2301587301587302,439.0,"18,223.58",28.47,"18,181.33",28.41,42.25,0.07,48036.0,03785,15.45230552622316
Langdon,Sullivan,199.0,206.0,7.0,0.49135802469135803,0.508641975308642,Biden,1.035175879396985,,684.0,"10,446.09",16.32,"10,443.68",16.32,2.41,0.0,82778.0,,41.911764705882355
Lebanon,Grafton,1954.0,5895.0,100.0,0.24894891068925978,0.7510510893107403,Biden,3.0168884339815762,,13651.0,"26,415.20",41.27,"25,814.03",40.33,601.17,0.94,64564.0,03756,338.4825192164642
Lebanon,Grafton,1954.0,5895.0,100.0,0.24894891068925978,0.7510510893107403,Biden,3.0168884339815762,,13651.0,"26,415.20",41.27,"25,814.03",40.33,601.17,0.94,64564.0,03766,338.4825192164642
Lee,Strafford,971.0,1957.0,48.0,0.3316256830601093,0.6683743169398907,Biden,2.015447991761071,,4569.0,"12,927.24",20.2,"12,788.37",19.98,138.87,0.22,108462.0,03824,228.67867867867866
Lee,Strafford,971.0,1957.0,48.0,0.3316256830601093,0.6683743169398907,Biden,2.015447991761071,,4569.0,"12,927.24",20.2,"12,788.37",19.98,138.87,0.22,108462.0,03861,228.67867867867866
Lempster,Sullivan,440.0,274.0,12.0,0.6162464985994398,0.38375350140056025,Trump,,1.6058394160583942,1168.0,"20,956.23",32.74,"20,689.22",32.33,267.01,0.42,63646.0,03605,36.12743581812558
Lincoln,Grafton,397.0,513.0,13.0,0.43626373626373627,0.5637362637362637,Biden,1.292191435768262,,1760.0,"83,843.71",131.01,"83,701.63",130.78,142.1,0.22,50238.0,03251,13.45771524697966
Lisbon,Grafton,431.0,353.0,12.0,0.5497448979591837,0.4502551020408163,Trump,,1.2209631728045325,1579.0,"17,065.58",26.66,"16,960.80",26.5,104.78,0.16,51726.0,03585,59.58490566037736
Litchfield,Hillsborough,2824.0,2497.0,89.0,0.5307273068971998,0.46927269310280023,Trump,,1.1309571485782939,8641.0,"9,783.79",15.29,"9,550.05",14.92,233.74,0.37,93715.0,03052,579.1554959785523
Littleton,Grafton,1507.0,1557.0,51.0,0.4918407310704961,0.5081592689295039,Biden,1.033178500331785,,5870.0,"34,555.32",53.99,"32,021.14",50.03,"2,534.17",3.96,39490.0,03561,117.3296022386568
Londonderry,Rockingham,7905.0,7738.0,230.0,0.5053378507958831,0.49466214920411683,Trump,,1.0215818040837426,26490.0,"26,958.13",42.12,"26,897.87",42.03,60.26,0.09,95395.0,03053,630.2640970735189
Loudon,Merrimack,2152.0,1489.0,70.0,0.5910464158198298,0.4089535841801703,Trump,,1.445265278710544,5634.0,"29,896.58",46.71,"29,452.45",46.02,444.13,0.69,67072.0,03307,122.42503259452411
Lyman,Grafton,208.0,174.0,3.0,0.5445026178010471,0.45549738219895286,Trump,,1.1954022988505748,526.0,"18,355.87",28.68,"18,172.97",28.4,182.9,0.29,56965.0,03585,18.52112676056338
Lyme,Grafton,218.0,1074.0,13.0,0.16873065015479877,0.8312693498452013,Biden,4.926605504587156,,1675.0,"35,215.77",55.02,"34,459.78",53.84,755.99,1.18,108558.0,03768,31.110698365527487
Lyndeborough,Hillsborough,541.0,564.0,33.0,0.48959276018099546,0.5104072398190045,Biden,1.0425138632162663,,1732.0,"19,369.68",30.27,"19,297.49",30.15,72.19,0.11,84948.0,03082,57.44610281923715
Madbury,Strafford,454.0,824.0,30.0,0.35524256651017216,0.6447574334898278,Biden,1.8149779735682818,,1883.0,"7,799.04",12.19,"7,390.17",11.55,408.87,0.64,105795.0,03823,163.03030303030303
Madison,Carroll,760.0,926.0,17.0,0.45077105575326215,0.5492289442467378,Biden,1.2184210526315788,,2606.0,"26,157.25",40.87,"24,765.93",38.7,"1,391.32",2.17,59675.0,03849,67.33850129198966
Manchester,Hillsborough,22127.0,29464.0,1015.0,0.42889263631253516,0.5711073636874648,Biden,1.3315858453473133,,112673.0,"22,354.57",34.93,"21,150.85",33.05,"1,203.73",1.88,56467.0,03101,3409.1679273827535
Manchester,Hillsborough,22127.0,29464.0,1015.0,0.42889263631253516,0.5711073636874648,Biden,1.3315858453473133,,112673.0,"22,354.57",34.93,"21,150.85",33.05,"1,203.73",1.88,56467.0,03102,3409.1679273827535
Manchester,Hillsborough,22127.0,29464.0,1015.0,0.42889263631253516,0.5711073636874648,Biden,1.3315858453473133,,112673.0,"22,354.57",34.93,"21,150.85",33.05,"1,203.73",1.88,56467.0,03103,3409.1679273827535
Manchester,Hillsborough,22127.0,29464.0,1015.0,0.42889263631253516,0.5711073636874648,Biden,1.3315858453473133,,112673.0,"22,354.57",34.93,"21,150.85",33.05,"1,203.73",1.88,56467.0,03104,3409.1679273827535
Manchester,Hillsborough,22127.0,29464.0,1015.0,0.42889263631253516,0.5711073636874648,Biden,1.3315858453473133,,112673.0,"22,354.57",34.93,"21,150.85",33.05,"1,203.73",1.88,56467.0,03105,3409.1679273827535
Manchester,Hillsborough,22127.0,29464.0,1015.0,0.42889263631253516,0.5711073636874648,Biden,1.3315858453473133,,112673.0,"22,354.57",34.93,"21,150.85",33.05,"1,203.73",1.88,56467.0,03107,3409.1679273827535
Manchester,Hillsborough,22127.0,29464.0,1015.0,0.42889263631253516,0.5711073636874648,Biden,1.3315858453473133,,112673.0,"22,354.57",34.93,"21,150.85",33.05,"1,203.73",1.88,56467.0,03108,3409.1679273827535
Manchester,Hillsborough,22127.0,29464.0,1015.0,0.42889263631253516,0.5711073636874648,Biden,1.3315858453473133,,112673.0,"22,354.57",34.93,"21,150.85",33.05,"1,203.73",1.88,56467.0,03109,3409.1679273827535
Manchester,Hillsborough,22127.0,29464.0,1015.0,0.42889263631253516,0.5711073636874648,Biden,1.3315858453473133,,112673.0,"22,354.57",34.93,"21,150.85",33.05,"1,203.73",1.88,56467.0,03111,3409.1679273827535
Marlborough,Cheshire,441.0,806.0,22.0,0.3536487570168404,0.6463512429831596,Biden,1.8276643990929706,,2076.0,"13,212.05",20.64,"13,061.48",20.41,150.57,0.24,56689.0,03455,101.71484566389024
Marlow,Cheshire,207.0,277.0,12.0,0.42768595041322316,0.5723140495867769,Biden,1.3381642512077294,,730.0,"16,921.56",26.44,"16,656.89",26.03,264.66,0.41,60833.0,03456,28.044563964656163
Mason,Hillsborough,535.0,380.0,31.0,0.5846994535519126,0.41530054644808745,Trump,,1.4078947368421053,1433.0,"15,352.66",23.99,"15,343.46",23.97,9.2,0.01,94653.0,03048,59.78306216103463
Meredith,Belknap,2208.0,2139.0,60.0,0.5079365079365079,0.49206349206349204,Trump,,1.032258064516129,6456.0,"34,919.70",54.56,"25,804.33",40.32,"9,115.37",14.24,68929.0,03253,160.11904761904762
Merrimack,Hillsborough,7669.0,8725.0,303.0,0.4677930950347688,0.5322069049652312,Biden,1.1376972225844308,,26490.0,"21,412.29",33.46,"20,879.54",32.62,532.75,0.83,97400.0,03054,812.0784794604538
Middleton,Strafford,643.0,378.0,21.0,0.6297747306562194,0.3702252693437806,Trump,,1.7010582010582012,1838.0,"11,842.95",18.5,"11,568.37",18.08,274.59,0.43,73466.0,03887,101.65929203539824
Milan,Coos,437.0,345.0,12.0,0.5588235294117647,0.4411764705882353,Trump,,1.2666666666666666,1235.0,"41,247.06",64.45,"40,916.24",63.93,330.8,0.52,51750.0,03588,19.318004066948223
Milford,Hillsborough,4123.0,4644.0,194.0,0.4702863009011064,0.5297136990988935,Biden,1.1263642978413777,,16411.0,"16,298.87",25.47,"16,266.07",25.42,32.8,0.05,73601.0,03055,645.5940204563335
Milton,Strafford,1476.0,1015.0,48.0,0.5925331192292252,0.4074668807707748,Trump,,1.4541871921182266,4624.0,"21,935.83",34.27,"21,159.76",33.06,776.07,1.21,67214.0,03851,139.8669086509377
Monroe,Grafton,309.0,227.0,8.0,0.5764925373134329,0.42350746268656714,Trump,,1.3612334801762114,802.0,"15,248.90",23.83,"14,356.14",22.43,892.76,1.39,61406.0,03771,35.7556843513152
Mont Vernon,Hillsborough,730.0,1011.0,37.0,0.41929925330269957,0.5807007466973004,Biden,1.384931506849315,,2659.0,"10,820.08",16.91,"10,770.37",16.83,49.71,0.08,107143.0,03057,157.9916815210933
Moultonborough,Carroll,1997.0,1605.0,44.0,0.5544142143253747,0.4455857856746252,Trump,,1.2442367601246105,4184.0,"48,048.28",75.08,"38,425.43",60.04,"9,622.85",15.04,74625.0,03254,69.68687541638907
Nashua,Hillsborough,17806.0,26770.0,705.0,0.3994526202440775,0.6005473797559224,Biden,1.5034258115242054,,89355.0,"20,304.96",31.73,"19,682.03",30.75,622.93,0.97,70316.0,03060,2905.8536585365855
Nashua,Hillsborough,17806.0,26770.0,705.0,0.3994526202440775,0.6005473797559224,Biden,1.5034258115242054,,89355.0,"20,304.96",31.73,"19,682.03",30.75,622.93,0.97,70316.0,03061,2905.8536585365855
Nashua,Hillsborough,17806.0,26770.0,705.0,0.3994526202440775,0.6005473797559224,Biden,1.5034258115242054,,89355.0,"20,304.96",31.73,"19,682.03",30.75,622.93,0.97,70316.0,03062,2905.8536585365855
Nashua,Hillsborough,17806.0,26770.0,705.0,0.3994526202440775,0.6005473797559224,Biden,1.5034258115242054,,89355.0,"20,304.96",31.73,"19,682.03",30.75,622.93,0.97,70316.0,03063,2905.8536585365855
Nashua,Hillsborough,17806.0,26770.0,705.0,0.3994526202440775,0.6005473797559224,Biden,1.5034258115242054,,89355.0,"20,304.96",31.73,"19,682.03",30.75,622.93,0.97,70316.0,03064,2905.8536585365855
Nelson,Cheshire,164.0,275.0,12.0,0.3735763097949886,0.6264236902050114,Biden,1.6768292682926829,,734.0,"14,898.16",23.28,"14,019.14",21.9,879.02,1.37,71500.0,03457,33.51598173515982
New Boston,Hillsborough,2036.0,1826.0,60.0,0.5271879854997411,0.47281201450025895,Trump,,1.1150054764512596,5899.0,"27,653.58",43.21,"27,505.90",42.98,147.68,0.23,104241.0,03070,137.24988366682177
New Castle,Rockingham,281.0,619.0,2.0,0.31222222222222223,0.6877777777777778,Biden,2.202846975088968,,979.0,"1,347.61",2.11,521.17,0.81,826.44,1.29,113281.0,03854,1208.6419753086418
New Durham,Strafford,1109.0,727.0,28.0,0.6040305010893247,0.3959694989106754,Trump,,1.5254470426409903,2706.0,"28,053.83",43.83,"26,487.99",41.39,"1,565.84",2.45,77596.0,03855,65.37811065474752
New Hampton,Belknap,810.0,697.0,27.0,0.5374917053749171,0.46250829462508297,Trump,,1.1621233859397417,2221.0,"24,559.94",38.37,"23,560.79",36.81,999.15,1.56,72296.0,03256,60.33686498234175
New Ipswich,Hillsborough,2099.0,962.0,62.0,0.6857236197321137,0.3142763802678863,Trump,,2.181912681912682,5393.0,"21,149.09",33.05,"20,953.79",32.74,195.31,0.31,84070.0,03071,164.72205253512521
New London,Merrimack,1059.0,2081.0,42.0,0.33726114649681527,0.6627388535031847,Biden,1.9650613786591125,,4308.0,"16,267.87",25.42,"14,304.59",22.35,"1,963.28",3.07,72285.0,03257,192.751677852349
Newbury,Merrimack,726.0,905.0,28.0,0.4451256897608829,0.5548743102391172,Biden,1.2465564738292012,,2228.0,"24,382.55",38.1,"22,917.85",35.81,"1,464.70",2.29,89087.0,03255,62.217257749232054
Newfields,Rockingham,512.0,719.0,24.0,0.4159220146222583,0.5840779853777417,Biden,1.404296875,,1736.0,"4,646.71",7.26,"4,540.46",7.09,106.25,0.17,122750.0,03856,244.851904090268
Newington,Rockingham,325.0,304.0,10.0,0.5166931637519873,0.48330683624801274,Trump,,1.069078947368421,813.0,"7,916.73",12.37,"5,273.70",8.24,"2,643.03",4.13,96667.0,03805,98.66504854368932
Newmarket,Rockingham,1925.0,3953.0,126.0,0.3274923443348078,0.6725076556651922,Biden,2.0535064935064935,,9156.0,"9,080.31",14.19,"8,042.25",12.57,"1,038.06",1.62,70057.0,03857,728.4009546539379
Newport,Sullivan,1773.0,1301.0,64.0,0.5767729342875731,0.4232270657124268,Trump,,1.3627978478093774,6358.0,"27,930.33",43.64,"27,855.05",43.52,75.28,0.12,58193.0,03773,146.09375
Newton,Rockingham,1680.0,1277.0,37.0,0.5681433885694961,0.4318566114305039,Trump,,1.3155833985904464,4928.0,"6,364.91",9.95,"6,294.35",9.83,70.56,0.11,105288.0,03858,501.32248219735504
North Hampton,Rockingham,1455.0,1987.0,32.0,0.42271934921557236,0.5772806507844277,Biden,1.3656357388316152,,4486.0,"8,922.81",13.94,"8,913.56",13.93,9.25,0.01,103520.0,03862,322.03876525484566
Northfield,Merrimack,1435.0,1122.0,62.0,0.5612045365662887,0.4387954634337114,Trump,,1.2789661319073085,4942.0,"18,485.68",28.88,"18,299.62",28.59,186.06,0.29,66449.0,03276,172.85764253235396
Northumberland,Coos,614.0,424.0,18.0,0.5915221579961464,0.40847784200385356,Trump,,1.4481132075471699,2139.0,"23,558.88",36.81,"23,505.49",36.73,53.38,0.08,39823.0,03582,58.235774571195215
Northwood,Rockingham,1483.0,1329.0,56.0,0.5273826458036984,0.4726173541963016,Trump,,1.1158765989465764,4309.0,"19,356.88",30.25,"18,002.62",28.13,"1,354.26",2.12,86910.0,03261,153.1816565943832
Nottingham,Rockingham,1641.0,1769.0,86.0,0.48123167155425217,0.5187683284457478,Biden,1.0780012187690433,,5136.0,"30,996.56",48.43,"29,775.79",46.52,"1,220.76",1.91,103348.0,03290,110.40412725709372
Orange,Grafton,110.0,80.0,6.0,0.5789473684210527,0.42105263157894735,Trump,,1.375,309.0,"14,799.72",23.12,"14,775.66",23.09,24.06,0.04,59250.0,03741,13.382416630576007
Orford,Grafton,269.0,539.0,15.0,0.33292079207920794,0.6670792079207921,Biden,2.003717472118959,,1301.0,"30,577.85",47.78,"29,715.40",46.43,862.45,1.35,81250.0,03777,28.020676286883482
Ossipee,Carroll,1487.0,965.0,34.0,0.6064437194127243,0.3935562805872757,Trump,,1.5409326424870466,4384.0,"48,168.46",75.26,"45,375.95",70.9,"2,792.51",4.36,47500.0,03864,61.83356840620592
Pelham,Hillsborough,5253.0,3480.0,121.0,0.6015115080728272,0.3984884919271728,Trump,,1.5094827586206896,14220.0,"17,151.36",26.8,"16,820.80",26.28,330.56,0.52,102577.0,03076,541.0958904109589
Pembroke,Merrimack,2057.0,2189.0,79.0,0.4844559585492228,0.5155440414507773,Biden,1.0641711229946524,,7203.0,"14,597.25",22.81,"14,486.98",22.64,110.27,0.17,87884.0,03275,318.1537102473498
Peterborough,Hillsborough,1246.0,3090.0,64.0,0.2873616236162362,0.7126383763837638,Biden,2.479935794542536,,6688.0,"24,592.42",38.43,"24,330.65",38.02,261.77,0.41,78031.0,03458,175.907417148869
Piermont,Grafton,194.0,241.0,5.0,0.4459770114942529,0.5540229885057472,Biden,1.2422680412371134,,808.0,"25,582.23",39.97,"24,720.11",38.63,862.12,1.35,69479.0,03779,20.916386228319958
Pittsburg,Coos,380.0,158.0,7.0,0.7063197026022305,0.2936802973977695,Trump,,2.4050632911392404,820.0,"186,430.50",291.3,"180,680.07",282.31,"5,750.40",8.99,43462.0,03592,2.904608409195565
Pittsfield,Merrimack,1230.0,807.0,58.0,0.6038291605301914,0.3961708394698085,Trump,,1.5241635687732342,4125.0,"15,558.70",24.31,"15,440.24",24.13,118.46,0.19,49287.0,03263,170.94902610857855
Plainfield,Sullivan,522.0,1135.0,28.0,0.31502715751357874,0.6849728424864212,Biden,2.1743295019157087,,2400.0,"33,914.30",52.99,"33,417.72",52.22,496.58,0.78,83362.0,03781,45.95940252776714
Plaistow,Rockingham,2504.0,2045.0,63.0,0.5504506484941746,0.4495493515058255,Trump,,1.2244498777506112,7716.0,"6,789.60",10.61,"6,789.60",10.61,-0.01,0.0,84125.0,03865,727.2384542884072
Plymouth,Grafton,1123.0,2214.0,78.0,0.33652981720107883,0.6634701827989212,Biden,1.9715048975957257,,6862.0,"18,232.58",28.49,"18,063.10",28.22,169.48,0.26,41875.0,03264,243.16087880935507
Portsmouth,Rockingham,3836.0,10663.0,202.0,0.26456997034278223,0.7354300296572177,Biden,2.779718456725756,,21927.0,"10,763.36",16.82,"10,033.92",15.68,729.44,1.14,72384.0,03801,1398.405612244898
Portsmouth,Rockingham,3836.0,10663.0,202.0,0.26456997034278223,0.7354300296572177,Biden,2.779718456725756,,21927.0,"10,763.36",16.82,"10,033.92",15.68,729.44,1.14,72384.0,03802,1398.405612244898
Portsmouth,Rockingham,3836.0,10663.0,202.0,0.26456997034278223,0.7354300296572177,Biden,2.779718456725756,,21927.0,"10,763.36",16.82,"10,033.92",15.68,729.44,1.14,72384.0,03803,1398.405612244898
Portsmouth,Rockingham,3836.0,10663.0,202.0,0.26456997034278223,0.7354300296572177,Biden,2.779718456725756,,21927.0,"10,763.36",16.82,"10,033.92",15.68,729.44,1.14,72384.0,03804,1398.405612244898
Randolph,Coos,83.0,186.0,8.0,0.30855018587360594,0.6914498141263941,Biden,2.2409638554216866,,286.0,"30,142.31",47.1,"30,114.28",47.05,28.02,0.04,69688.0,03593,6.078639744952179
Raymond,Rockingham,3517.0,2378.0,105.0,0.5966072943172179,0.403392705682782,Trump,,1.478973927670311,10529.0,"18,943.48",29.6,"18,440.14",28.81,503.34,0.79,68000.0,03077,365.4633807705658
Richmond,Cheshire,413.0,292.0,14.0,0.5858156028368794,0.41418439716312055,Trump,,1.4143835616438356,1124.0,"24,152.27",37.74,"24,027.85",37.54,124.42,0.19,65813.0,03470,29.941395844432606
Rindge,Cheshire,2144.0,1443.0,71.0,0.5977139671034291,0.40228603289657094,Trump,,1.4857934857934858,6090.0,"25,468.87",39.8,"23,724.90",37.07,"1,743.96",2.72,68250.0,03461,164.283787429188
Rochester,Strafford,8367.0,8132.0,346.0,0.507121643735984,0.492878356264016,Trump,,1.028898180029513,31526.0,"29,080.55",45.44,"28,688.06",44.83,392.49,0.61,55767.0,03839,703.2344412223957
Rochester,Strafford,8367.0,8132.0,346.0,0.507121643735984,0.492878356264016,Trump,,1.028898180029513,31526.0,"29,080.55",45.44,"28,688.06",44.83,392.49,0.61,55767.0,03866,703.2344412223957
Rochester,Strafford,8367.0,8132.0,346.0,0.507121643735984,0.492878356264016,Trump,,1.028898180029513,31526.0,"29,080.55",45.44,"28,688.06",44.83,392.49,0.61,55767.0,03867,703.2344412223957
Rochester,Strafford,8367.0,8132.0,346.0,0.507121643735984,0.492878356264016,Trump,,1.028898180029513,31526.0,"29,080.55",45.44,"28,688.06",44.83,392.49,0.61,55767.0,03868,703.2344412223957
Rollinsford,Strafford,735.0,951.0,50.0,0.4359430604982206,0.5640569395017794,Biden,1.2938775510204081,,2586.0,"4,842.77",7.57,"4,680.07",7.31,162.7,0.25,74470.0,03869,353.7619699042408
Roxbury,Cheshire,52.0,92.0,0.0,0.3611111111111111,0.6388888888888888,Biden,1.7692307692307692,,220.0,"7,844.85",12.26,"7,656.67",11.96,188.18,0.29,67500.0,03431,18.394648829431436
Rumney,Grafton,527.0,410.0,19.0,0.5624332977588047,0.4375667022411953,Trump,,1.2853658536585366,1567.0,"27,270.22",42.61,"26,863.91",41.97,406.31,0.63,57250.0,03266,37.33619251846557
Rye,Rockingham,1620.0,2781.0,39.0,0.36809815950920244,0.6319018404907976,Biden,1.7166666666666666,,5470.0,"8,425.59",13.16,"8,090.96",12.64,334.62,0.52,103792.0,03870,432.753164556962
Salem,Rockingham,9969.0,7638.0,234.0,0.566195263247572,0.43380473675242803,Trump,,1.305184603299293,29791.0,"16,569.31",25.89,"15,876.66",24.81,692.65,1.08,80857.0,03079,1200.7658202337768
Salisbury,Merrimack,517.0,380.0,25.0,0.5763656633221851,0.4236343366778149,Trump,,1.3605263157894736,1446.0,"25,468.30",39.79,"25,318.42",39.56,149.88,0.23,75192.0,03268,36.552072800808894
Sanbornton,Belknap,1134.0,875.0,36.0,0.5644599303135889,0.4355400696864111,Trump,,1.296,2994.0,"31,774.38",49.65,"30,261.93",47.28,"1,512.46",2.36,77000.0,03269,63.3248730964467
Sandown,Rockingham,2273.0,1632.0,70.0,0.5820742637644046,0.41792573623559537,Trump,,1.3927696078431373,6547.0,"9,231.77",14.42,"8,952.21",13.99,279.56,0.44,102229.0,03873,467.9771265189421
Sandwich,Carroll,413.0,718.0,12.0,0.3651635720601238,0.6348364279398763,Biden,1.738498789346247,,1358.0,"60,250.83",94.14,"58,394.48",91.24,"1,856.35",2.9,63583.0,03227,14.883822884699693
Seabrook,Rockingham,2595.0,1973.0,71.0,0.5680823117338003,0.43191768826619964,Trump,,1.3152559553978713,8842.0,"6,161.28",9.63,"5,759.74",9.0,401.54,0.63,61406.0,03874,982.4444444444445
Sharon,Hillsborough,116.0,153.0,4.0,0.4312267657992565,0.5687732342007435,Biden,1.3189655172413792,,369.0,"10,022.16",15.66,"10,022.17",15.66,-0.01,0.0,69643.0,03458,23.563218390804597
Shelburne,Coos,122.0,131.0,1.0,0.48221343873517786,0.5177865612648221,Biden,1.0737704918032787,,345.0,"31,211.89",48.77,"30,635.01",47.87,576.83,0.9,64375.0,03581,7.207019009818258
Somersworth,Strafford,2550.0,3422.0,99.0,0.426992632283992,0.573007367716008,Biden,1.3419607843137256,,11968.0,"6,398.29",10.0,"6,280.89",9.81,117.4,0.18,62777.0,03878,1219.979612640163
South Hampton,Rockingham,326.0,304.0,22.0,0.5174603174603175,0.48253968253968255,Trump,,1.0723684210526316,827.0,"5,146.58",8.04,"5,063.00",7.91,83.59,0.13,105833.0,03827,104.551201011378
Springfield,Sullivan,436.0,437.0,16.0,0.49942726231386025,0.5005727376861397,Biden,1.0022935779816513,,1341.0,"28,478.79",44.5,"27,914.60",43.62,564.19,0.88,77375.0,03284,30.742778541953236
Stark,Coos,188.0,106.0,1.0,0.6394557823129252,0.36054421768707484,Trump,,1.7735849056603774,498.0,"38,221.81",59.72,"37,901.91",59.22,319.89,0.5,44286.0,03582,8.409321175278622
Stewartstown,Coos,291.0,117.0,5.0,0.7132352941176471,0.2867647058823529,Trump,,2.4871794871794872,918.0,"30,019.15",46.9,"29,772.61",46.52,246.54,0.39,42813.0,03576,19.733447979363714
Stoddard,Cheshire,430.0,419.0,0.0,0.5064782096584217,0.49352179034157834,Trump,,1.026252983293556,1240.0,"33,949.89",53.05,"32,588.16",50.92,"1,361.73",2.13,78182.0,03464,24.351924587588375
Strafford,Strafford,1408.0,1330.0,45.0,0.5142439737034331,0.48575602629656683,Trump,,1.0586466165413533,4212.0,"32,778.81",51.22,"31,342.78",48.97,"1,436.03",2.24,106250.0,03884,86.01184398611394
Stratford,Coos,140.0,159.0,1.0,0.4682274247491639,0.5317725752508361,Biden,1.1357142857142857,,684.0,"51,231.47",80.05,"51,146.76",79.92,84.7,0.13,33295.0,03590,8.558558558558559
Stratham,Rockingham,2115.0,3306.0,64.0,0.3901494189263973,0.6098505810736027,Biden,1.5631205673758866,,7488.0,"9,901.55",15.47,"9,679.39",15.12,222.16,0.35,107297.0,03885,495.23809523809524
Sugar Hill,Grafton,153.0,316.0,16.0,0.326226012793177,0.673773987206823,Biden,2.065359477124183,,577.0,"11,027.58",17.23,"10,955.98",17.12,71.6,0.11,83125.0,03586,33.70327102803738
Sullivan,Cheshire,186.0,216.0,10.0,0.4626865671641791,0.5373134328358209,Biden,1.1612903225806452,,675.0,"11,984.88",18.73,"11,867.99",18.54,116.89,0.18,60625.0,03445,36.407766990291265
Sunapee,Sullivan,1086.0,1309.0,36.0,0.4534446764091858,0.5465553235908142,Biden,1.205340699815838,,3487.0,"16,099.13",25.15,"13,484.22",21.07,"2,614.92",4.09,63750.0,03782,165.49596582819174
Surry,Cheshire,252.0,307.0,4.0,0.45080500894454384,0.5491949910554562,Biden,1.2182539682539681,,744.0,"10,240.91",16.0,"10,042.26",15.69,198.65,0.31,80163.0,03431,47.41873804971319
Sutton,Merrimack,574.0,753.0,21.0,0.4325546345139412,0.5674453654860587,Biden,1.3118466898954704,,1922.0,"27,734.78",43.34,"27,233.59",42.55,501.19,0.78,88250.0,03221,45.170387779083434
Sutton,Merrimack,574.0,753.0,21.0,0.4325546345139412,0.5674453654860587,Biden,1.3118466898954704,,1922.0,"27,734.78",43.34,"27,233.59",42.55,501.19,0.78,88250.0,03257,45.170387779083434
Sutton,Merrimack,574.0,753.0,21.0,0.4325546345139412,0.5674453654860587,Biden,1.3118466898954704,,1922.0,"27,734.78",43.34,"27,233.59",42.55,501.19,0.78,88250.0,03278,45.170387779083434
Sutton,Merrimack,574.0,753.0,21.0,0.4325546345139412,0.5674453654860587,Biden,1.3118466898954704,,1922.0,"27,734.78",43.34,"27,233.59",42.55,501.19,0.78,88250.0,03287,45.170387779083434
Swanzey,Cheshire,1763.0,2008.0,59.0,0.4675152479448422,0.5324847520551578,Biden,1.138967668746455,,7220.0,"29,011.71",45.33,"28,761.37",44.94,250.34,0.39,57326.0,03446,160.6586559857588
Tamworth,Carroll,838.0,899.0,31.0,0.48244099021301096,0.5175590097869891,Biden,1.0727923627684963,,3077.0,"38,812.56",60.64,"38,289.06",59.83,523.5,0.82,52963.0,03886,51.429048972087585
Temple,Hillsborough,432.0,518.0,11.0,0.45473684210526316,0.5452631578947369,Biden,1.1990740740740742,,1422.0,"14,381.49",22.47,"14,240.75",22.25,140.74,0.22,79821.0,03084,63.91011235955056
Thornton,Grafton,737.0,958.0,36.0,0.43480825958702063,0.5651917404129794,Biden,1.299864314789688,,2536.0,"32,443.43",50.69,"32,176.77",50.28,266.67,0.42,63317.0,03223,50.437549721559265
Thornton,Grafton,737.0,958.0,36.0,0.43480825958702063,0.5651917404129794,Biden,1.299864314789688,,2536.0,"32,443.43",50.69,"32,176.77",50.28,266.67,0.42,63317.0,03285,50.437549721559265
Tilton,Belknap,1044.0,938.0,43.0,0.5267406659939455,0.47325933400605447,Trump,,1.1130063965884862,3543.0,"7,637.78",11.93,"7,304.20",11.41,333.58,0.52,53418.0,03276,310.5170902716915
Tilton,Belknap,1044.0,938.0,43.0,0.5267406659939455,0.47325933400605447,Trump,,1.1130063965884862,3543.0,"7,637.78",11.93,"7,304.20",11.41,333.58,0.52,53418.0,03298,310.5170902716915
Tilton,Belknap,1044.0,938.0,43.0,0.5267406659939455,0.47325933400605447,Trump,,1.1130063965884862,3543.0,"7,637.78",11.93,"7,304.20",11.41,333.58,0.52,53418.0,03299,310.5170902716915
Troy,Cheshire,583.0,509.0,25.0,0.5338827838827839,0.4661172161172161,Trump,,1.1453831041257367,2105.0,"11,274.24",17.62,"11,172.56",17.46,101.68,0.16,60200.0,03465,120.56128293241694
Tuftonboro,Carroll,1012.0,875.0,13.0,0.5363010068892422,0.4636989931107578,Trump,,1.1565714285714286,2419.0,"31,638.50",49.44,"25,998.88",40.62,"5,639.63",8.81,57426.0,03816,59.551944854751355
Tuftonboro,Carroll,1012.0,875.0,13.0,0.5363010068892422,0.4636989931107578,Trump,,1.1565714285714286,2419.0,"31,638.50",49.44,"25,998.88",40.62,"5,639.63",8.81,57426.0,03894,59.551944854751355
Unity,Sullivan,531.0,335.0,26.0,0.6131639722863741,0.38683602771362585,Trump,,1.5850746268656717,1620.0,"23,806.31",37.2,"23,657.16",36.96,149.15,0.23,66458.0,03603,43.83116883116883
Unity,Sullivan,531.0,335.0,26.0,0.6131639722863741,0.38683602771362585,Trump,,1.5850746268656717,1620.0,"23,806.31",37.2,"23,657.16",36.96,149.15,0.23,66458.0,03743,43.83116883116883
Unity,Sullivan,531.0,335.0,26.0,0.6131639722863741,0.38683602771362585,Trump,,1.5850746268656717,1620.0,"23,806.31",37.2,"23,657.16",36.96,149.15,0.23,66458.0,03773,43.83116883116883
Wakefield,Carroll,1986.0,1240.0,44.0,0.615623062616243,0.384376937383757,Trump,,1.6016129032258064,5110.0,"28,717.08",44.87,"25,297.02",39.53,"3,420.06",5.34,56291.0,03830,129.2689096888439
Walpole,Cheshire,834.0,1470.0,43.0,0.3619791666666667,0.6380208333333334,Biden,1.7625899280575539,,4009.0,"23,469.47",36.67,"22,833.91",35.68,635.55,0.99,70991.0,03608,112.35986547085201
Warner,Merrimack,844.0,1050.0,34.0,0.44561774023231254,0.5543822597676874,Biden,1.2440758293838863,,2920.0,"35,502.02",55.47,"35,352.34",55.24,149.68,0.23,75195.0,03278,52.86024619840695
Warren,Grafton,275.0,189.0,14.0,0.5926724137931034,0.4073275862068966,Trump,,1.4550264550264551,936.0,"31,355.95",48.99,"31,109.92",48.61,246.03,0.38,47188.0,03279,19.25529726393746
Washington,Sullivan,467.0,314.0,16.0,0.5979513444302177,0.4020486555697823,Trump,,1.4872611464968153,1103.0,"30,524.01",47.69,"29,121.20",45.5,"1,402.81",2.19,73333.0,03280,24.24175824175824
Waterville Valley,Grafton,127.0,238.0,4.0,0.34794520547945207,0.6520547945205479,Biden,1.874015748031496,,241.0,"41,248.05",64.45,"41,231.61",64.42,16.44,0.03,98125.0,03215,3.7410742005588324
Weare,Hillsborough,3213.0,2211.0,97.0,0.5923672566371682,0.40763274336283184,Trump,,1.4531886024423337,9091.0,"38,463.50",60.1,"37,795.45",59.06,668.05,1.04,90024.0,03281,153.92820860142228
Webster,Merrimack,669.0,548.0,24.0,0.5497124075595727,0.45028759244042726,Trump,,1.2208029197080292,1954.0,"18,425.77",28.79,"18,089.45",28.26,336.32,0.53,74750.0,03303,69.14366595895258
Wentworth,Grafton,323.0,280.0,13.0,0.5356550580431177,0.46434494195688225,Trump,,1.1535714285714285,966.0,"26,963.82",42.13,"26,777.82",41.84,186,0.29,62955.0,03282,23.08795411089866
Westmoreland,Cheshire,453.0,660.0,20.0,0.40700808625336926,0.5929919137466307,Biden,1.4569536423841059,,1688.0,"23,577.46",36.84,"22,986.87",35.92,590.59,0.92,90500.0,03467,46.99331848552338
Whitefield,Coos,669.0,631.0,21.0,0.5146153846153846,0.48538461538461536,Trump,,1.0602218700475436,2211.0,"22,231.93",34.74,"21,949.67",34.3,282.25,0.44,36176.0,03598,64.46064139941691
Wilmot,Merrimack,366.0,583.0,7.0,0.3856691253951528,0.6143308746048473,Biden,1.592896174863388,,1392.0,"18,955.38",29.62,"18,819.19",29.4,136.19,0.21,65066.0,03287,47.3469387755102
Wilton,Hillsborough,1090.0,1330.0,53.0,0.45041322314049587,0.5495867768595041,Biden,1.2201834862385321,,3789.0,"16,447.27",25.7,"16,389.56",25.61,57.71,0.09,74162.0,03086,147.95001952362358
Winchester,Cheshire,988.0,986.0,45.0,0.5005065856129686,0.49949341438703143,Trump,,1.002028397565923,4226.0,"35,555.65",55.56,"35,183.98",54.97,371.67,0.58,49578.0,03470,76.87829725304712
Windham,Rockingham,5196.0,4567.0,137.0,0.5322134589777733,0.4677865410222268,Trump,,1.1377271731990366,14853.0,"17,772.33",27.77,"17,101.99",26.72,670.34,1.05,117468.0,03087,555.875748502994
Windsor,Hillsborough,91.0,33.0,5.0,0.7338709677419355,0.2661290322580645,Trump,,2.757575757575758,231.0,"5,450.56",8.52,"5,278.69",8.25,171.87,0.27,59167.0,03244,28.0
Wolfeboro,Carroll,2371.0,2355.0,51.0,0.5016927634363098,0.49830723656369025,Trump,,1.0067940552016985,6418.0,"37,405.53",58.45,"30,940.30",48.34,"6,465.23",10.1,50907.0,03894,132.76789408357467
Woodstock,Grafton,364.0,480.0,14.0,0.4312796208530806,0.5687203791469194,Biden,1.3186813186813187,,1365.0,"37,752.04",58.99,"37,434.57",58.49,317.47,0.5,52845.0,03293,23.337322619251154
